Workbook

Sheet Avaliação das Aulas
A1: Aula | B1: PDF = LDI? | C1: Conteúdo escrito atualizado? | D1: Vídeos = LDI? | E1: Vídeos atualizados? | F1: Vídeos bem distribuídos? | G1: Desatualização encontrada? | H1: Descrição da desatualização | I1: Qtd. Questões Cebraspe | J1: Qtd. Questões Outras Bancas | K1: % Cebraspe | L1: % Questões Ano 2020 para trás | M1: % Questões Ano 2021-2023 | N1: % Questões Ano 2024-2026 | O1: Sugestão de Melhoria para o PDF? Cite | P1: Sugestão de Melhoria para o LDI? Cite | Q1: Status da Aula | R1: Observações
A2: Aula 00 LDI 1 | B2: Sim | C2: Sim | D2: Sim | E2: Sim | F2: Não | G2: Não | I2: 60 | J2: 0 | K2: =IF(SUM(I2:J2)=0,"",I2/SUM(I2:J2)) -> 1 | L2: 0.583 | M2: 0.366 | N2: 0.05 | O2: Material encontra-se atualizado e com nível de aprofundamento adequado. | P2: O material e tratado no tópico 1 do LDI e apresenta aderência ao conteúdo do PDF, com aprofundamento adequado e compatível com o nível de exigência da prova. No entanto, foram identificadas algumas oportunidades de aprimoramento que podem tornar a organização do conteúdo mais intuitiva e alinhada à experiência do aluno: O tópico 1.1 do LDI contempla integralmente o conteúdo abordado em "Princípios do Direito Penal", no material em PDF. Entretanto, os tópicos 1.4 (Princípio da Legalidade), 1.5 (Princípio da Presunção de Inocência) e 1.6 (Princípio da Insignificância) retomam parte desse conteúdo de forma individualizada, acompanhados das respectivas videoaulas, o que gera duplicidade de conteúdos. Como oportunidade de aprimoramento, sugere-se alinhar a organização do LDI à estrutura das videoaulas, de forma que cada tópico corresponda ao respectivo conteúdo em vídeo. Essa adequação pode tornar a navegação mais intuitiva, reduzir a repetição de informações e proporcionar uma experiência de estudo ainda mais consistente para o aluno. Já no item 1.7, observou-se que o banco de questões apresenta excelente aderência ao perfil de cobrança da banca CEBRASPE. Marcus Toloza - Foram levantadas as questões recentes sobre os assuntos da Aula 00. São poucas. A maioria não está presente na aula porque são de certames de MP, Procuradoria, Cartório, e possuem um nível acima do razoável para a PRF. Foram encontradas apenas duas questões, de 2026 (prova Sefaz RN), que poderiam ser inseridas no material. Aqui estã o link com as questões prontas para serem comentadas: https://www.tecconcursos.com.br/s/Q6bbSK | Q2: Aprovada com ajustes | R2: De modo geral, o LDI apresenta excelente aderência ao conteúdo do PDF e das videoaulas, contemplando os principais tópicos previstos e mantendo um nível de aprofundamento compatível com o perfil de cobrança da banca. O material demonstra consistência em sua proposta pedagógica e oferece uma base sólida para a preparação do aluno.
A3: Aula 01 LDI 2 | B3: Parcial | C3: Sim | D3: Parcial | E3: Sim | F3: Não | G3: Não | I3: 118 | J3: 0 | K3: =IF(SUM(I3:J3)=0,"",I3/SUM(I3:J3)) -> 1 | L3: 0.635 | M3: 0.237 | N3: 12.71 | O3: Verificou-se que o material em PDF apresenta um nível de aprofundamento inferior ao do LDI em alguns tópicos. Observa-se, por exemplo, a ausência de conteúdos específicos, como "Sujeito Ativo" e "Sujeito Passivo", que são abordados de forma mais completa e detalhada no LDI, enquanto o PDF traz apenas uma breve explanação sobre esses temas. Além disso, foram identificados outros pontos em que informações complementares constam apenas no LDI, sem correspondência no material em PDF. Como sugestão de melhoria, pode-se harmonizar o nível de aprofundamento entre os materiais, incorporando ao PDF os conteúdos e complementações já presentes no LDI. Esse alinhamento pode proporcionar maior consistência entre os recursos didáticos e oferecer ao aluno uma experiência de estudo mais integrada e uniforme. | P3: O LDI apresenta excelente nível de aprofundamento sobre o tema, além de uma organização que, de modo geral, promove boa correspondência entre o conteúdo escrito e as respectivas videoaulas, favorecendo uma experiência de estudo integrada. No entanto, foram identificados alguns pontos que merecem atenção para aprimorar a consistência entre os materiais. 1. Verificou-se a ausência das videoaulas 10 e 11 (disponíveis na plataforma antiga sob os IDs 178218 e 178219), bem como a inclusão, no LDI, de duas videoaulas (IDs 177840 e 177841) que não foram localizadas na plataforma antiga. 2. Além disso, observou-se a repetição dos conteúdos "Tempo do Crime" e "Lugar do Crime" nos tópicos 2.6 e 2.7, respectivamente, uma vez que esses temas já haviam sido abordados anteriormente nos tópicos 2.2 e 2.3. Como oportunidade de aprimoramento, sugere-se revisar a correspondência entre o LDI e as videoaulas, bem como reavaliar a organização desses tópicos, de modo a eliminar duplicidades e assegurar maior uniformidade entre os recursos didáticos, proporcionando ao aluno uma navegação mais fluida e uma experiência de aprendizagem ainda mais consistente. Por fim, verificou-se que cerca de 63% das questões são oriundas de provas aplicadas antes de 2020. A inclusão de questões mais recentes pode efetivamente contribuir para manter o material constantemente atualizado e ainda mais alinhado às tendências contemporâneas de cobrança da banca, proporcionando ao aluno uma preparação mais aderente ao cenário atual dos concursos. Com o intuito de contribuir com a atualização do material, a equipe elaborou, a titulo de sugestão, um caderno contendo 34 questões sobre os conteúdos da aula, todas provenientes de provas da banca Cebraspe aplicadas entre 2024 e 2026. Link: https://www.tecconcursos.com.br/s/Q6bbTt | Q3: Necessita revisão | R3: De forma geral, o LDI apresenta excelente nível de aprofundamento, boa organização e adequada compatibilização entre o conteúdo escrito e as videoaulas, oferecendo uma experiência de estudo consistente. Como oportunidades de aprimoramento, sugere-se apenas a revisão da correspondência entre o LDI, o PDF e as videoaulas, com a eliminação de conteúdos repetidos e o alinhamento de tópicos eventualmente divergentes, além da atualização gradual do banco de questões, com a inclusão de provas mais recentes, de modo a manter o material alinhado às tendências atuais de cobrança da banca e proporcionar ao aluno uma preparação cada vez mais atualizada.
A4: Aula 02 LDI 3 | B4: Sim | C4: Sim | F4: Não | G4: Não | I4: 44 | J4: 0 | K4: =IF(SUM(I4:J4)=0,"",I4/SUM(I4:J4)) -> 1 | L4: 0.318 | M4: 0.4773 | N4: 0.2045 | O4: Material encontra-se atualizado e com nível de aprofundamento adequado. | P4: O conteúdo apresentado no tópico 3 do LDI e no material em PDF apresenta compatibilidade integral, com adequada correspondência entre os materiais. Da mesma forma, a organização do LDI está alinhada às videoaulas, que também se mostram compatíveis com aquelas disponibilizadas na plataforma antiga, proporcionando ao aluno uma experiência de estudo coesa e consistente. Como oportunidade de aprimoramento, sugere-se avaliar a possibilidade de redistribuir as videoaulas ao longo do conteúdo escrito, em vez de mantê-las concentradas no início do material. Essa organização pode tornar o estudo mais fluido e favorecer a integração entre a teoria e as explicações em vídeo. Além disso, com o intuito de contribuir para a atualização do material, foi elaborado, a título de sugestão, um caderno contendo 2 questões da banca CEBRASPE, aplicadas em 2026, referentes aos conteúdos da aula. Caso a equipe considere pertinente, essas questões poderão ser comentadas e incorporadas ao material, enriquecendo o banco de questões com exemplos mais recentes do perfil de cobrança da banca: https://www.tecconcursos.com.br/s/Q6bbe5 | Q4: Aprovada com ajustes | R4: O material apresenta excelente nível de atualização e aprofundamento, com plena compatibilidade entre o LDI, o PDF e as videoaulas. A organização dos conteúdos está alinhada entre os diferentes recursos didáticos, proporcionando ao aluno uma experiência de estudo coesa, consistente e adequada ao perfil de cobrança da banca.
A5: Aula 03 LDI 4 E 5 | B5: Parcial | C5: Sim | D5: Parcial | E5: Sim | F5: Não | G5: Não | I5: 122 | J5: 0 | K5: =IF(SUM(I5:J5)=0,"",I5/SUM(I5:J5)) -> 1 | L5: 0.7459 | M5: 0.1803 | N5: 0.0738 | O5: Observou-se que o tema "Imputabilidade", embora previsto para a aula e contemplado no LDI, ainda não consta da parte teórica do material em PDF. Como oportunidade de aprimoramento, sugere-se sua inclusão, de modo a manter a plena compatibilidade entre os materiais e proporcionar ao aluno uma experiência de estudo ainda mais completa e consistente. | P5: O conteúdo da Aula 03 da plataforma antiga corresponde aos tópicos 4 e 5 do LDI. As videoaulas estão compatíveis com a estrutura do material, e o LDI contempla os conteúdos abordados no PDF. Destaca-se, ainda, a inclusão do tema "Imputabilidade" no LDI, conteúdo que não foi identificado no material em PDF. Como oportunidade de melhoria, sugere-se a inclusão desse tema também no PDF, de modo a manter a compatibilidade entre os materiais. Quanto a disposição das videoaulas, sugere-se avaliar a possibilidade de redistribuir-las ao longo do conteúdo escrito, em vez de mantê-las concentradas no início do material. Essa organização pode tornar o estudo mais fluido e favorecer a integração entre a teoria e as explicações em vídeo. Ainda, em relação ao banco de questões, observou-se que os itens 4 e 5 possuem apenas 7,4% das questões aplicadas a partir de 2024. A título de sugestão, foi gerado um caderno de com 19 questões aplicadas entre 2024 e 2026 acerca do tema da aula: https://www.tecconcursos.com.br/s/Q6bcAh Por fim, verificou-se que os conteúdos teóricos e as videoaulas dos temas "Culpabilidade" (ID 180622) e "Causas de Exclusão da Culpabilidade" (ID 180623) aparecem de forma duplicada nos itens 4.1 e 5.1 do LDI. Como oportunidade de aprimoramento, sugere-se reorganizar esses tópicos, consolidando os conteúdos em uma única sequência e eliminando as repetições. Essa adequação pode tornar a estrutura do material mais fluida e proporcionar ao aluno uma experiência de estudo mais organizada e intuitiva. | Q5: Aprovada com ajustes | R5: O conteúdo da Aula 03 da plataforma antiga corresponde aos tópicos 4 e 5 do LDI, havendo adequada compatibilidade entre o LDI, as videoaulas e o material em PDF. O LDI apresenta bom nível de aprofundamento e contempla, inclusive, o tema "Imputabilidade", que não foi identificado no PDF. Como oportunidade de aprimoramento, sugere-se a inclusão desse conteúdo no material em PDF, promovendo maior uniformidade entre os recursos didáticos.
A6: Aula 04 LDI 6 | B6: Sim | C6: Sim | D6: Parcial | E6: Sim | F6: Não | G6: Sim | H6: Há duas videoaulas incluídas no item 6.3 do LDI (IDs 81922 e 81923) que fazem parte da matriz gravada anteriormente. O mesmo conteúdo encontra-se disponpivel nas videoaulas seguintes, já na matriz atual. | I6: 26 | J6: 119 | K6: =IF(SUM(I6:J6)=0,"",I6/SUM(I6:J6)) -> 0.17931034 | L6: 0.5862 | M6: 15.17 | N6: 0.2621 | P6: Os conteúdos do LDI e do material em PDF estão plenamente compatíveis entre si, apresentando adequada correspondência e um nível de aprofundamento compatível com as exigências do concurso da PRF. Quanto a disposição das videoaulas, sugere-se avaliar a possibilidade de redistribuir-las ao longo do conteúdo escrito, em vez de mantê-las concentradas no início do material. Essa organização pode tornar o estudo mais fluido e favorecer a integração entre a teoria e as explicações em vídeo. | Q6: Aprovada | R6: O material apresenta excelente nível de aprofundamento teórico, contemplando de forma satisfatória os conteúdos propostos para a disciplina. Além disso, entende-se que a manutenção de questões de outras bancas no bloco de exercícios é pertinente, considerando a quantidade reduzida de questões recentes da CEBRASPE sobre o tema. Essa estratégia contribui para ampliar o repertório do aluno, sem comprometer o foco na preparação para o concurso.
A7: Aula 05 LDI 7 | B7: Sim | C7: Sim | D7: Parcial | E7: Parcial | F7: Não | G7: Sim | H7: O conteúdo escrito encontra-se devidamente atualizado e compatível com a proposta da disciplina. No entanto, observou-se que, em diversos pontos do LDI, permanecem disponíveis videoaulas pertencentes à matriz antiga do professor, inseridas paralelamente às videoaulas da matriz vigente. Essa duplicidade acaba gerando um volume desnecessário de conteúdos em vídeo, o que pode comprometer a organização do material e dificultar a navegação do aluno. | I7: 49 | J7: 213 | K7: =IF(SUM(I7:J7)=0,"",I7/SUM(I7:J7)) -> 0.1870229 | L7: 0.1565 | M7: 0.3817 | N7: 46.18 | O7: O material em PDF encontra-se devidamente atualizado, contemplando, inclusive, as alterações legislativas de 2026. Da mesma forma, o bloco de questões apresenta excelente aderência ao perfil da banca CEBRASPE, com um acervo atual e compatível com as tendências recentes de cobrança. | P7: O tópico 7 do LDI, correspondente ao conteúdo da Aula 05 da plataforma antiga. Em análise, foram identificados alguns pontos que merecem atenção quanto à organização do material. Observou-se significativa repetição de conteúdos, tanto na parte textual quanto nas videoaulas. Em diversos momentos, o LDI apresenta simultaneamente conteúdos da matriz atual e da matriz antiga, resultando em tópicos e videoaulas duplicados para um mesmo tema, o que pode comprometer a fluidez da navegação e da experiência de estudo. Além disso, verificou-se que temas referente ao homicídio como "Disposições relevantes sobre as qualificadoras", "Nas dependências de instituição de ensino" e "Contra menor de 14 anos de idade" encontram-se, em verdade, inseridos no tópico referente ao crime de aborto, embora não guardem relação com esse conteúdo. Em contrapartida, permanecem disponíveis videoaulas da matriz antiga (IDs 89042, 89423 e 89424), gerando duplicidade de conteúdo. Por fim, não foram localizadas no LDI as videoaulas referentes aos seguintes temas: - Maus-tratos – art. 136" (ID 289973) - Ameaça no contexto da atuação de facção criminosa, milícia privada ou grupo paramilitar (art. 147-C) – ID 313617; - Violência psicológica contra a mulher – Majorante (art. 147-B, parágrafo único) – ID 283230; - Sequestro ou cárcere privado no contexto da atuação de facção criminosa, milícia privada ou grupo paramilitar (art. 148, § 3º) – ID 313618. Em contrapartida, permanecem disponíveis videoaulas da matriz antiga (como, por exemplo, os videos de IDs 89042, 89423 e 89424), gerando duplicidade de conteúdo. Como oportunidade de aprimoramento, sugere-se revisar a estrutura do tópico 7, eliminando duplicidades de videoaulas, reorganizando os conteúdos que se encontram deslocados e promovendo a compatibilização integral entre o LDI e as videoaulas da matriz vigente. Essas adequações podem tornar o material mais fluido, facilitar a navegação do aluno e assegurar maior uniformidade entre os recursos didáticos. | Q7: Necessita revisão
A8: Aula 06 LDI 8 | B8: Sim | C8: Sim | D8: Parcial | E8: Parcial | F8: Não | G8: Sim | H8: No tópico 8.7 do LDI (Crimes contra o Patrimônio), foi identificado que as videoaulas disponíveis pertencem à matriz antiga. Vale notar que os vídeos atualizados da nova matriz já estão disponíveis na plataforma antiga. | I8: 48 | J8: 180 | K8: =IF(SUM(I8:J8)=0,"",I8/SUM(I8:J8)) -> 0.21052632 | L8: 0.2719 | M8: 0.3289 | N8: 0.3991 | O8: O material em PDF encontra-se devidamente atualizado, contemplando, inclusive, as alterações legislativas de 2026. Da mesma forma, o bloco de questões apresenta excelente aderência ao perfil da banca CEBRASPE, com um acervo atual e compatível com as tendências recentes de cobrança. | P8: No tópico 8 do LDI, foram identificadas algumas oportunidades de aprimoramento que podem contribuir para uma melhor organização e compatibilização dos materiais. Os principais pontos observados foram: Aula 8.1: otimização de recursos visuais de diferenciação e destaque e inclusão do cabeçalho na tabela apresentada, visando maior clareza na apresentação das informações; Aula 8.2: remoção das videoaulas duplicadas, de modo a evitar redundâncias e tornar a navegação mais fluida; Compatibilização com o PDF: inclusão, no LDI, do conteúdo correspondente às páginas 85 e 86 da Aula 06 no tópico 8.6, bem como das páginas 124 a 127 no tópico 8.8, promovendo maior uniformidade entre os materiais; Aulas 8.12 e 8.13: revisão dos conteúdos repetidos, com a eliminação das duplicidades, considerando que os temas já se encontram devidamente abordados nos respectivos tópicos. Essas adequações podem tornar o material ainda mais organizado, consistente e alinhado entre os diferentes recursos didáticos, proporcionando ao aluno uma experiência de estudo mais fluida e integrada. | Q8: Necessita revisão
A9: Aula 07 LDI 9 e 10 | B9: Parcial | C9: Parcial | D9: Parcial | E9: Parcial | F9: Não | G9: Sim | H9: Verificou-se que o tópico 9.3 do LDI (Crimes Sexuais contra Vulneráveis) ainda não contempla as alterações introduzidas pela Lei nº 15.353/2026. Observa-se que essas atualizações já foram incorporadas ao material em PDF, especialmente nas páginas 26, 27 e 41 a 43. | I9: 47 | J9: 41 | K9: 0.6023 | L9: 0.1364 | M9: 0.2614 | N9: 0.2482 | O9: Inicialmente, cabe destacar que o material em PDF apresenta, de forma geral, bom nível de atualização e aprofundamento, estando compatível com as exigências da disciplina. No entanto, foram identificados alguns pontos que podem ser revisados para tornar o material ainda mais completo, organizado e uniforme. Observou-se que o material em PDF da Aula 07 reúne, em um único arquivo, os conteúdos referentes aos crimes contra a dignidade sexual e aos crimes contra a incolumidade pública, totalizando 365 páginas. Considerando que se tratam de temas distintos e que o próprio LDI os organiza separadamente nos tópicos 9 e 10, sugere-se a divisão do PDF em dois arquivos. Essa adequação pode tornar o material mais leve, facilitar a navegação e contribuir para um planejamento de estudos mais organizado. Também foi verificado que, no tópico "Das Disposições Gerais sobre os Crimes contra a Dignidade Sexual", parte dos conteúdos dos subtópicos "Segredo de Justiça" e "Jurisprudências Relevantes" não consta no PDF. Além disso, o conteúdo "Dos Crimes de Perigo Comum" apresenta uma abordagem mais sucinta quando comparada ao LDI e aos demais temas da disciplina, representando uma oportunidade para uniformizar o nível de aprofundamento entre os materiais. Por fim, foram identificadas duplicidades de conteúdo no PDF. O tema "Estupro" é apresentado tanto nas páginas 3 a 10 quanto nas páginas 75 a 81, enquanto "Estupro de Vulnerável" aparece nas páginas 21 a 30 e novamente nas páginas 82 a 91. Como oportunidade de aprimoramento, sugere-se revisar a estrutura do material, promovendo a divisão do PDF em arquivos distintos, complementando os conteúdos que hoje se encontram mais sintéticos e eliminando as duplicidades identificadas. Essas adequações podem fortalecer a compatibilidade entre o PDF e o LDI, otimizar a organização do conteúdo e proporcionar ao aluno uma experiência de estudo mais fluida, consistente e eficiente. | P9: O conteúdo da Aula 07 está organizado no LDI por meio dos tópicos 9 e 10. De forma geral, o material apresenta excelente nível de aprofundamento, abordando os temas de maneira completa e compatível com as exigências da disciplina. No entanto, foram identificados alguns pontos que podem ser revisados para tornar o material ainda mais organizado e consistente. No tópico 9.3 (Crimes Sexuais contra Vulneráveis), verificou-se que o LDI ainda não contempla as alterações introduzidas pela Lei nº 15.353/2026, as quais já foram incorporadas ao material em PDF. Sugere-se a atualização desse conteúdo, a fim de manter a compatibilidade entre os recursos didáticos e assegurar que o aluno tenha acesso à legislação mais recente. Além disso, observou-se que os tópicos 9.4, 9.5, 9.6 e 9.7 ainda apresentam, simultaneamente, videoaulas da matriz antiga e da matriz vigente do professor, resultando em duplicidade de conteúdo. Da mesma forma, verificou-se que os tópicos 9.8, 9.9 e 10.4 reproduzem inteiramente conteúdos já abordados em tópicos anteriores, repetindo a mesma situação identificada no material em PDF. Como oportunidade de aprimoramento, sugere-se revisar a organização desses tópicos, promovendo a atualização do conteúdo legislativo e a eliminação das duplicidades de textos e videoaulas. Essas adequações podem tornar o material mais fluido, fortalecer a compatibilidade entre os recursos didáticos e proporcionar ao aluno uma experiência de estudo ainda mais organizada e eficiente. | Q9: Necessita revisão
A10: Aula 08 LDI 11 | B10: Não | C10: Não | D10: Sim | E10: Sim | F10: Não | G10: Não | I10: 84 | J10: 126 | K10: =IF(SUM(I10:J10)=0,"",I10/SUM(I10:J10)) -> 0.4 | L10: 0.6619 | M10: 0.2286 | N10: 0.1095 | O10: O material em PDF apresenta excelente nível de atualização e aprofundamento, atendendo de forma adequada às exigências da disciplina. Destaca-se, ainda, a qualidade do banco de questões, integralmente alinhado ao perfil de cobrança da banca examinadora e composto, em sua maioria (cerca de 63%), por questões aplicadas a partir de 2023, o que contribui para uma preparação mais aderente ao cenário atual dos concursos. | P10: O conteúdo da Aula 08 encontra-se disponibilizado no tópico 11 do LDI. No entanto, verificou-se que o material não apresenta o mesmo nível de aprofundamento observado no PDF. Inicialmente, constatou-se a ausência, no LDI, de toda a parte teórica referente ao tema "Moeda Falsa", correspondente às páginas 3 a 10 do material em PDF, bem como das respectivas videoaulas. Além disso, os conteúdos dos tópicos 11.1 (Da Falsidade de Títulos e Outros Papéis Públicos), 11.2 (Da Falsidade Documental) e 11.4 (Das Fraudes em Certames de Interesse Público) são apresentados predominantemente em formato de tabela, o que resulta em uma abordagem mais sintética quando comparada ao material em PDF. Também foi observado que essas tabelas possuem formatação excessivamente alongada, ocupando apenas uma pequena porção da página e tornando a leitura menos fluida. Como oportunidade de melhoria, sugere-se compatibilizar integralmente o conteúdo do LDI com o material em PDF, tanto em relação ao nível de aprofundamento quanto à organização e formatação das informações. Essa adequação pode proporcionar uma experiência de estudo mais completa, uniforme e agradável ao aluno, além de favorecer a leitura e a assimilação do conteúdo. | Q10: Necessita revisão
A11: Aula 09 LDI 12 | B11: Sim | C11: Sim | D11: Sim | E11: Sim | F11: Não | G11: Não | I11: 0 | J11: 0 | K11: 0 | L11: 0 | M11: 0 | N11: 0 | O11: O material em PDF apresenta excelente nível de atualização e aprofundamento, atendendo de forma adequada às exigências da disciplina. Destaca-se, ainda, a qualidade do banco de questões, integralmente alinhado ao perfil de cobrança da banca examinadora e composto, em sua maioria (cerca de 76%), por questões aplicadas a partir de 2023, o que contribui para uma preparação mais aderente ao cenário atual dos concursos. | P11: O material disponibilizado no LDI encontra-se plenamente compatível com o conteúdo do PDF, apresentando adequada organização e videoaulas devidamente atualizadas. Como oportunidade de aprimoramento, sugere-se a inclusão de um bloco de questões voltado à banca CEBRASPE, uma vez que o item atualmente não dispõe de questões para fixação. Essa adequação poderá complementar o estudo teórico, proporcionar maior integração entre os recursos didáticos e oferecer ao aluno a oportunidade de praticar o conteúdo por meio de questões alinhadas ao perfil da banca examinadora. https://www.tecconcursos.com.br/s/Q6bcWw | Q11: Aprovada
A12: Aula 10 LDI 13 | B12: Sim | C12: Sim | D12: Sim | E12: Sim | F12: Não | G12: Não | I12: 0 | J12: 0 | K12: 0 | L12: 0 | M12: 0 | N12: 0 | O12: O material em PDF apresenta excelente nível de atualização e aprofundamento, atendendo de forma adequada às exigências da disciplina. Destaca-se, ainda, a qualidade do banco de questões, integralmente alinhado ao perfil de cobrança da banca examinadora e composto, em sua maioria (cerca de 46%), por questões aplicadas a partir de 2023, o que contribui para uma preparação mais aderente ao cenário atual dos concursos. | P12: O material disponibilizado no LDI encontra-se plenamente compatível com o conteúdo do PDF, apresentando adequada organização e videoaulas devidamente atualizadas, incluindo atualizações legislativas promovidas pela Lei Complementar 225 de 2026 . Como oportunidade de aprimoramento, sugere-se a inclusão de um bloco de questões voltado à banca CEBRASPE, uma vez que o item atualmente não dispõe de questões para fixação. Essa adequação poderá complementar o estudo teórico, proporcionar maior integração entre os recursos didáticos e oferecer ao aluno a oportunidade de praticar o conteúdo por meio de questões alinhadas ao perfil da banca examinadora. https://www.tecconcursos.com.br/s/Q6bcYB | Q12: Aprovada com ajustes
A13: Aula 11 LDI 14 | B13: Sim | C13: Sim | D13: Sim | E13: Sim | F13: Não | G13: Não | I13: 0 | J13: 0 | K13: 0 | L13: 0 | M13: 0 | N13: 0 | O13: O material em PDF apresenta excelente nível de atualização e aprofundamento, atendendo de forma adequada às exigências da disciplina. Destaca-se, ainda, a qualidade do banco de questões, integralmente alinhado ao perfil de cobrança da banca examinadora e composto por um acervo atualizado, que inclui aproximadamente 31% de questões aplicadas a partir de 2023, contribuindo para uma preparação mais aderente ao cenário atual dos concursos. | P13: O conteúdo da Aula 11 encontra-se disponibilizado no tópico 14 do LDI, estando devidamente atualizado e compatível com o material em PDF, inclusive no que se refere às videoaulas. Como oportunidades de aprimoramento, observou-se que as videoaulas estão concentradas no início do tópico, em vez de serem distribuídas ao longo do conteúdo conforme a sequência dos textos. A organização intercalada entre teoria e vídeo pode proporcionar uma experiência de estudo mais fluida e intuitiva. Também foram identificados alguns pontos em que elementos de formatação presentes no PDF, como caixas de destaque, não foram reproduzidos no LDI, resultando em trechos apresentados apenas em texto corrido. A incorporação desses recursos visuais pode favorecer a organização das informações e facilitar a leitura. Além disso, verificou-se a duplicidade da parte teórica referente aos crimes previstos nos arts. 356 e 357 do Código Penal, cujos conteúdos aparecem tanto na sequência natural da matéria quanto novamente ao final do tópico. Por fim, constatou-se a ausência de um bloco de questões no LDI. Como sugestão, pode-se inlcuir, ao final do material, o bloco de questões comentadas já disponível no PDF, complementando o estudo teórico e proporcionando ao aluno uma etapa de fixação alinhada ao perfil da disciplina. https://www.tecconcursos.com.br/s/Q6bcZf | Q13: Aprovada com ajustes
A14: Aula 12 LDI 15 | B14: Sim | C14: Sim | D14: Sim | E14: Sim | F14: Não | G14: Não | I14: 8 | J14: 29 | K14: =IF(SUM(I14:J14)=0,"",I14/SUM(I14:J14)) -> 0.21621622 | L14: 0 | M14: 0.8108 | N14: 0.189 | O14: O material em PDF apresenta bom nível de aprofundamento e encontra-se devidamente atualizado. O bloco de questões ao final também merece destaque, reunindo as questões mais recentes da banca examinadora sobre o tema e complementando o estudo com questões inéditas elaboradas pelo professor e de outras bancas, estratégia que se mostra adequada diante da quantidade reduzida de questões da CEBRASPE disponíveis para esse conteúdo. Dessa forma, o material proporciona ao aluno um repertório mais amplo para fixação e consolidação da aprendizagem. | P14: O conteúdo da Aula 12 encontra-se disponibilizado no tópico 15 do LDI, estando devidamente atualizado e compatível com o material em PDF, inclusive no que se refere às respectivas videoaulas. Como oportunidades de aprimoramento, observou-se que as videoaulas estão concentradas no início do tópico, em vez de serem distribuídas ao longo do conteúdo. A organização intercalada entre os textos e as videoaulas pode proporcionar uma experiência de estudo mais fluida e facilitar o acompanhamento da matéria. Além disso, verificou-se que alguns recursos visuais presentes no PDF, como caixas de destaque, não foram reproduzidos no LDI, fazendo com que determinadas informações apareçam apenas em texto corrido. A incorporação desses elementos pode tornar a leitura mais dinâmica e facilitar a identificação de pontos relevantes. Por fim, identificou-se a duplicidade da parte teórica referente ao crime previsto no art. 337-K do Código Penal (Afastamento de Licitante), cujo conteúdo aparece repetido de forma consecutiva no tópico 15.1 do LDI. Como oportunidade de aprimoramento, sugere-se revisar a organização desse tópico, eliminando a repetição e tornando a estrutura do material mais objetiva e fluida. | Q14: Aprovada com ajustes
K15: =IF(SUM(I15:J15)=0,"",I15/SUM(I15:J15))
K17: =IF(SUM(I17:J17)=0,"",I17/SUM(I17:J17))
K19: =IF(SUM(I19:J19)=0,"",I19/SUM(I19:J19))
K21: =IF(SUM(I21:J21)=0,"",I21/SUM(I21:J21))
K23: =IF(SUM(I23:J23)=0,"",I23/SUM(I23:J23))
K25: =IF(SUM(I25:J25)=0,"",I25/SUM(I25:J25))
K27: =IF(SUM(I27:J27)=0,"",I27/SUM(I27:J27))
K29: =IF(SUM(I29:J29)=0,"",I29/SUM(I29:J29))
K31: =IF(SUM(I31:J31)=0,"",I31/SUM(I31:J31))
K33: =IF(SUM(I33:J33)=0,"",I33/SUM(I33:J33))
K35: =IF(SUM(I35:J35)=0,"",I35/SUM(I35:J35))
K37: =IF(SUM(I37:J37)=0,"",I37/SUM(I37:J37))
... K287: =IF(SUM(I287:J287)=0,"",I287/SUM(I287:J287))

Sheet Dashboard
A1: Indicadores (preenchidos automaticamente conforme a tabela)
A2: Total de aulas | B2: =COUNTA('Avaliação das Aulas'!A2:A182) -> 13
A3: Aprovadas | B3: =COUNTIF('Avaliação das Aulas'!Q2:Q182,"Aprovada") -> 2
A4: Aprovadas com ajustes | B4: =COUNTIF('Avaliação das Aulas'!Q2:Q182,"Aprovada com ajustes") -> 6
A5: Necessitam revisão | B5: =COUNTIF('Avaliação das Aulas'!Q2:Q182,"Necessita revisão") -> 5
A6: % médio Cebraspe | B6: =AVERAGE('Avaliação das Aulas'!K2:K182) -> 0.44579814
A7: Desatualizações encontradas | B7: =COUNTIF('Avaliação das Aulas'!G2:G182,"Sim") -> 4
